{
    "subset": "FD001",
    "seq_len": 50,
    "max_rul": 125,
    "var_threshold": 0.01,
    "feature_cols": [
        "sensor_2",
        "sensor_3",
        "sensor_4",
        "sensor_7",
        "sensor_8",
        "sensor_9",
        "sensor_11",
        "sensor_12",
        "sensor_13",
        "sensor_14",
        "sensor_15",
        "sensor_17",
        "sensor_20",
        "sensor_21"
    ],
    "mean": {
        "sensor_2": 642.6814172477501,
        "sensor_3": 1590.5250646641634,
        "sensor_4": 1408.954103939448,
        "sensor_7": 553.3662989451099,
        "sensor_8": 2388.0968389057753,
        "sensor_9": 9064.848749031526,
        "sensor_11": 47.54125871625245,
        "sensor_12": 521.4108731152035,
        "sensor_13": 2388.096515882949,
        "sensor_14": 8143.364420406461,
        "sensor_15": 8.442091697955776,
        "sensor_17": 393.2091900590023,
        "sensor_20": 38.81593420346862,
        "sensor_21": 23.289709619166818
    },
    "std": {
        "sensor_2": 0.5000962416523437,
        "sensor_3": 6.121279650614137,
        "sensor_4": 8.988672466480422,
        "sensor_7": 0.8880221535097262,
        "sensor_8": 0.07054930480372058,
        "sensor_9": 21.034577479622104,
        "sensor_11": 0.26724385154726554,
        "sensor_12": 0.7388506080765497,
        "sensor_13": 0.07150299587561791,
        "sensor_14": 18.120457908917484,
        "sensor_15": 0.037492810940036446,
        "sensor_17": 1.5486265856038894,
        "sensor_20": 0.1808514239228008,
        "sensor_21": 0.10840925018437032
    },
    "label_mode": "cycles",
    "seed": 42,
    "val_ratio": 0.2
}