{
  "dataset_name": "cmapss",
  "subset": "FD003",
  "feature_list": [
    "unit_number",
    "time_cycles",
    "setting_1",
    "setting_2",
    "s_2",
    "s_3",
    "s_4",
    "s_7",
    "s_8",
    "s_9",
    "s_11",
    "s_15",
    "s_17",
    "s_20",
    "s_21",
    "RUL"
  ],
  "feature_cols": [
    "setting_1",
    "setting_2",
    "s_2",
    "s_3",
    "s_4",
    "s_7",
    "s_8",
    "s_9",
    "s_11",
    "s_15",
    "s_17",
    "s_20",
    "s_21"
  ],
  "n_features": 13,
  "n_context": 2,
  "seq_len": 50,
  "batch_size": 32,
  "smoothing_window": 3,
  "use_clustering": false,
  "split_context": false,
  "feature_mode": "selected",
  "piecewise_rul_cap": 125,
  "val_strategy": "engine",
  "test_last_window_only": true,
  "train_unit_ids": [
    1,
    2,
    4,
    6,
    7,
    8,
    9,
    10,
    11,
    12,
    13,
    14,
    15,
    16,
    17,
    18,
    20,
    21,
    23,
    24,
    27,
    29,
    30,
    31,
    32,
    33,
    35,
    36,
    37,
    38,
    39,
    40,
    41,
    42,
    44,
    45,
    46,
    47,
    48,
    49,
    50,
    54,
    55,
    56,
    58,
    59,
    61,
    63,
    64,
    65,
    66,
    67,
    68,
    69,
    70,
    71,
    73,
    74,
    75,
    76,
    77,
    78,
    79,
    80,
    81,
    83,
    84,
    85,
    86,
    87,
    88,
    89,
    90,
    91,
    92,
    94,
    95,
    96,
    97,
    99
  ],
  "val_unit_ids": [
    3,
    5,
    19,
    22,
    25,
    26,
    28,
    34,
    43,
    51,
    52,
    53,
    57,
    60,
    62,
    72,
    82,
    93,
    98,
    100
  ],
  "global_min": [
    -0.00860000029206276,
    -0.0006000000284984708,
    640.8400268554688,
    1564.300048828125,
    1377.06005859375,
    549.6099853515625,
    2386.89990234375,
    9017.98046875,
    46.689998626708984,
    8.156299591064453,
    388.0,
    38.16999816894531,
    22.872600555419922,
    0.0
  ],
  "global_range": [
    0.01720000058412552,
    0.0013000000035390258,
    4.26995849609375,
    51.0899658203125,
    64.0999755859375,
    20.8800048828125,
    1.7001953125,
    216.369140625,
    1.75,
    0.4142007827758789,
    11.0,
    1.6800003051757812,
    1.0778999328613281,
    125.0
  ],
  "rul_min": 0.0,
  "rul_range": 125.0,
  "max_rul": 125.0,
  "label_mode": "piecewise_rul",
  "target_normalisation": true
}