{
    "mean": {
        "CO(GT)": 2.135232595482843,
        "PT08.S1(CO)": 1103.984283177189,
        "C6H6(GT)": 10.881491510883372,
        "PT08.S2(NMHC)": 969.4708796747115,
        "NOx(GT)": 208.65617963389832,
        "PT08.S3(NOx)": 862.8096269568916,
        "NO2(GT)": 98.36601025831979,
        "PT08.S4(NO2)": 1566.8121766956922,
        "PT08.S5(O3)": 1022.8200592847163,
        "T": 20.953586365459405,
        "RH": 47.9422843078382,
        "AH": 1.1339548238559871
    },
    "std": {
        "CO(GT)": 1.4624412073717765,
        "PT08.S1(CO)": 224.86929618401766,
        "C6H6(GT)": 7.731485143519768,
        "PT08.S2(NMHC)": 269.52909374348155,
        "NOx(GT)": 196.78458857891061,
        "PT08.S3(NOx)": 268.35912282988176,
        "NO2(GT)": 41.646885646225805,
        "PT08.S4(NO2)": 305.9865668857543,
        "PT08.S5(O3)": 387.00651363407684,
        "T": 7.891300900502096,
        "RH": 17.55682012485859,
        "AH": 0.3663549614283992
    },
    "feature_cols": [
        "CO(GT)",
        "PT08.S1(CO)",
        "C6H6(GT)",
        "PT08.S2(NMHC)",
        "NOx(GT)",
        "PT08.S3(NOx)",
        "NO2(GT)",
        "PT08.S4(NO2)",
        "PT08.S5(O3)",
        "T",
        "RH",
        "AH"
    ],
    "target_col": "C6H6(GT)",
    "seq_len": 24
}