{
    "train_loss": [
        1729.6038380754671,
        271.86127898363566,
        241.0196616785313,
        214.0569499101096,
        193.13800929620015,
        183.34929044459892,
        169.40589679935115,
        150.57353367068905,
        142.0893074438824,
        136.11691328374351,
        130.56748394074478,
        126.73405304575354,
        122.64628003283245,
        123.93890199428651,
        116.81506398053673,
        112.77126323110689,
        115.86065946749555,
        110.67953762581678,
        110.50840855420121,
        110.29311021944372,
        105.16070224792976,
        104.83902545091583,
        106.47496511878037,
        103.99746343953822
    ],
    "val_loss": [
        226.04036966959634,
        251.5554962158203,
        246.76143900553384,
        257.1017201741536,
        260.63905843098956,
        248.16026306152344,
        246.48345438639322,
        216.99293518066406,
        255.56078084309897,
        253.5195109049479,
        248.48773193359375,
        254.2575887044271,
        228.17162577311197,
        230.74662272135416,
        264.8871561686198,
        252.5882364908854,
        235.50849405924478,
        252.8124237060547,
        253.78953552246094,
        247.88429260253906,
        261.8382314046224,
        248.5285441080729,
        239.56878662109375,
        243.18913777669272
    ],
    "val_rmse": [
        14.978179828393024,
        15.801891764127335,
        15.734599501098238,
        15.975387239016255,
        16.100085031983816,
        15.762061934770681,
        15.605738127368408,
        14.66347353305783,
        15.960867233233728,
        15.815675921641745,
        15.72221757928415,
        15.957577255040501,
        15.062649421425617,
        15.11244475020918,
        16.153352163956946,
        15.834937298827946,
        15.31719325796204,
        15.809133299416224,
        15.853254668797508,
        15.71991047452715,
        16.11322111731204,
        15.705031367491955,
        15.381760514276468,
        15.528909610510528
    ],
    "val_mae": [
        11.689047813415527,
        11.336421966552734,
        11.45730209350586,
        11.771108627319336,
        12.251411437988281,
        11.493623733520508,
        11.554616928100586,
        10.725774765014648,
        11.66993522644043,
        11.804187774658203,
        11.249821662902832,
        11.541183471679688,
        10.735605239868164,
        10.986639022827148,
        11.512884140014648,
        11.621776580810547,
        11.028828620910645,
        11.727169036865234,
        11.690285682678223,
        11.441039085388184,
        11.90553092956543,
        11.480568885803223,
        11.305893898010254,
        11.340167045593262
    ],
    "val_r2": [
        0.8667280673980713,
        0.8516666293144226,
        0.8529272675514221,
        0.8483915328979492,
        0.846015453338623,
        0.8524134159088135,
        0.8553263545036316,
        0.8722695708274841,
        0.8486669659614563,
        0.8514077067375183,
        0.8531586527824402,
        0.8487293720245361,
        0.8652206063270569,
        0.8643280267715454,
        0.8449949026107788,
        0.8510456085205078,
        0.8606268167495728,
        0.8515306115150452,
        0.8507007360458374,
        0.8532017469406128,
        0.8457641005516052,
        0.8534795045852661,
        0.8594493865966797,
        0.8567473888397217
    ],
    "val_nasa_score": [
        347.0511779785156,
        374.15087890625,
        430.90899658203125,
        388.8323059082031,
        381.485107421875,
        444.16070556640625,
        544.4228515625,
        343.3053283691406,
        355.602294921875,
        450.6809997558594,
        371.79510498046875,
        365.20574951171875,
        370.9252624511719,
        394.9571838378906,
        451.894287109375,
        365.91754150390625,
        354.2783203125,
        367.22698974609375,
        387.1495056152344,
        393.12005615234375,
        382.0043640136719,
        364.12530517578125,
        363.34149169921875,
        393.2663269042969
    ],
    "learning_rate": [
        0.001,
        0.001,
        0.001,
        0.001,
        0.001,
        0.001,
        0.0005,
        0.0005,
        0.0005,
        0.0005,
        0.0005,
        0.0005,
        0.0005,
        0.00025,
        0.00025,
        0.00025,
        0.00025,
        0.00025,
        0.00025,
        0.000125,
        0.000125,
        0.000125,
        0.000125,
        0.000125
    ]
}