{
  "dataset": "ieee_phm",
  "feature_cols": [
    "H_Mean",
    "V_Mean",
    "Std",
    "RMS",
    "Max",
    "MAV",
    "Root_Amp",
    "Spectral_Mean"
  ],
  "n_features": 8,
  "sequence_length": 128,
  "raw_window_size": 256,
  "raw_stride": 128,
  "train_bearings": [
    "Bearing1_1",
    "Bearing1_2"
  ],
  "val_bearing": "Bearing1_7",
  "test_bearings": [
    "Bearing1_3",
    "Bearing1_5",
    "Bearing1_6"
  ],
  "n_train": 69550,
  "n_val": 42793,
  "n_test": 138050,
  "rul_range": [
    0.0,
    1.0
  ],
  "scaler_type": "minmax",
  "scaler_params": {
    "feature_min": [
      -0.9536875,
      -2.7714531250000003,
      0.21629795744871097,
      0.21668227207422855,
      0.447,
      0.17184375000000002,
      0.14255814622157736,
      2.9348603329113203
    ],
    "feature_max": [
      0.9538710937499999,
      0.26849218750000003,
      12.555216972031296,
      12.555419184185967,
      44.295,
      8.3370859375,
      6.092034662256596,
      109.7099132717318
    ],
    "feature_range": [
      0,
      1
    ]
  }
}