{
    "subset": "FD004",
    "seq_len": 50,
    "max_rul": 125,
    "var_threshold": 0.01,
    "feature_cols": [
        "setting_1",
        "setting_2",
        "setting_3",
        "sensor_1",
        "sensor_2",
        "sensor_3",
        "sensor_4",
        "sensor_5",
        "sensor_6",
        "sensor_7",
        "sensor_8",
        "sensor_9",
        "sensor_10",
        "sensor_11",
        "sensor_12",
        "sensor_13",
        "sensor_14",
        "sensor_15",
        "sensor_17",
        "sensor_18",
        "sensor_19",
        "sensor_20",
        "sensor_21"
    ],
    "mean": {
        "setting_1": 23.97837897847366,
        "setting_2": 0.5711036055077877,
        "setting_3": 94.02762102152634,
        "sensor_1": 472.90974677310135,
        "sensor_2": 579.4583332991319,
        "sensor_3": 1418.0701959738153,
        "sensor_4": 1202.176500174427,
        "sensor_5": 8.035564425109273,
        "sensor_6": 11.595455049147358,
        "sensor_7": 283.4666746013831,
        "sensor_8": 2228.717637027765,
        "sensor_9": 8524.656509819213,
        "sensor_10": 1.0965793847858651,
        "sensor_11": 42.88119041267366,
        "sensor_12": 266.8657333114445,
        "sensor_13": 2334.38958199093,
        "sensor_14": 8067.531385770864,
        "sensor_15": 9.286159389300446,
        "sensor_17": 347.80322587264783,
        "sensor_18": 2228.647165048942,
        "sensor_19": 97.74990621986007,
        "sensor_20": 20.87373191602881,
        "sensor_21": 12.524604463277994
    },
    "std": {
        "setting_1": 14.767689541667506,
        "setting_2": 0.31054663687316,
        "setting_3": 14.255876645185245,
        "sensor_1": 26.413897392202973,
        "sensor_2": 37.323839224217906,
        "sensor_3": 106.13112012561713,
        "sensor_4": 119.27960935465109,
        "sensor_5": 3.6189625768128626,
        "sensor_6": 5.4386336030833915,
        "sensor_7": 146.74219687872386,
        "sensor_8": 145.3840188438533,
        "sensor_9": 336.7663874314782,
        "sensor_10": 0.1276679908856455,
        "sensor_11": 3.243839864476819,
        "sensor_12": 138.3476314816951,
        "sensor_13": 128.23463034918382,
        "sensor_14": 85.64899436994928,
        "sensor_15": 0.7504225588264506,
        "sensor_17": 27.79869300729566,
        "sensor_18": 145.5058901715397,
        "sensor_19": 5.3709015260735375,
        "sensor_20": 9.926457234392391,
        "sensor_21": 5.956629911464595
    },
    "label_mode": "cycles",
    "seed": 42,
    "val_ratio": 0.2
}