{
  "train_loss": [
    2197.1203738826334,
    199.66327518425365,
    180.2551128500759,
    166.8304431877514,
    160.39242565797107,
    148.31008488872263,
    142.65384588713692,
    133.6509519746988,
    132.6663543172402,
    128.41486809607778,
    124.2064301292495,
    121.35370679798693,
    117.29691875948764,
    115.71190352487092,
    115.27894598328241,
    110.38919371803208,
    109.67032747929639,
    107.5182637960604,
    105.72442540083782,
    101.83900387452381,
    100.22579475629448,
    102.15102014824896,
    98.57843201136825,
    95.67548712173311,
    97.78222638120745,
    95.53923816114369,
    93.9593717065188,
    91.01042497087234,
    90.71712087499033,
    89.5536872259461,
    88.61676023502162,
    82.79726630862396,
    81.71126541666466,
    80.23356154413507,
    78.99718909688515,
    77.70126640395362,
    77.28498355374478,
    77.18814291623559,
    74.95665554386554,
    72.66279881921145,
    72.40330616412777,
    71.97127085393018,
    69.104752954162,
    64.58293684402315,
    62.9056965742961,
    59.592872918006215,
    61.61803475937041,
    61.081784514625475,
    61.07521205562176,
    60.60368460475809,
    60.04865886952617,
    60.68707009494895,
    59.668190954227256,
    56.50524580549486,
    57.584746287128716,
    57.59358300312911,
    57.03682959905945,
    55.82593647796329,
    55.23983566737411,
    54.40364975504356,
    53.11171889352326,
    53.22345695873298,
    53.129369248494065,
    52.40627765844364,
    52.7163172580228,
    51.5389964585257,
    51.676700287998315,
    53.18665540714075,
    51.3639363808207,
    51.43054579177706
  ],
  "learning_rate": [
    0.0005,
    0.0005,
    0.0005,
    0.0005,
    0.0005,
    0.0005,
    0.0005,
    0.0005,
    0.0005,
    0.0005,
    0.0005,
    0.0005,
    0.0005,
    0.0005,
    0.0005,
    0.0005,
    0.0005,
    0.0005,
    0.0005,
    0.0005,
    0.0005,
    0.0005,
    0.0005,
    0.0005,
    0.0005,
    0.0005,
    0.0005,
    0.0005,
    0.0005,
    0.0005,
    0.0005,
    0.0005,
    0.0005,
    0.0005,
    0.0005,
    0.0005,
    0.0005,
    0.0005,
    0.0005,
    0.0005,
    0.0005,
    0.0005,
    0.0003,
    0.0003,
    0.0003,
    0.0003,
    0.0003,
    0.0003,
    0.0003,
    0.0003,
    0.0003,
    0.0003,
    0.0003,
    0.0003,
    0.0003,
    0.0003,
    0.0003,
    0.0003,
    0.0003,
    0.0003,
    0.0003,
    0.0003,
    0.0003,
    0.0003,
    0.0003,
    0.0003,
    0.0003,
    0.0003,
    0.0003,
    0.0003
  ],
  "val_loss": [
    162.60373993334562,
    173.94999810301738,
    147.310485367153,
    205.4524825759556,
    174.44040071238643,
    146.00986277538797,
    147.668309803631,
    145.56179279659105,
    151.74613114439921,
    189.59026243272035,
    156.6518398611442,
    140.94171369179435,
    172.96574654786482,
    191.99051740687827,
    163.33015612311985,
    186.35619475737863,
    155.3396989117498,
    178.156807362515,
    205.66556852693142,
    246.4803944338923,
    193.51812483331432,
    148.14483334810836,
    218.397449167915,
    163.92072006515835,
    209.98704167448955,
    146.26548418791398,
    188.1002553400786,
    171.0156844097635,
    229.3904899597168,
    158.36001217468925,
    176.40313620981962,
    176.00311035695285,
    192.06397103226703,
    222.69010444931362,
    201.36504608237226,
    197.302735770267,
    202.75008162208226,
    238.3847165045531,
    172.89108370905336,
    155.97264656398607,
    166.3042348301929,
    181.78334365305693,
    192.47840225800223,
    186.9222470988398,
    182.2792498173921,
    193.30890179924344,
    178.55520790452542,
    182.81653543555217,
    186.39040845580723,
    187.08534343138984,
    177.16254181239916,
    176.73203786145086,
    165.24901752057283,
    154.74516438815905,
    164.56062440172485,
    218.7133795282115,
    179.9332136195639,
    189.15053000864776,
    191.64023859189905,
    183.53873210367948,
    182.9443527346072,
    149.35339789157328,
    198.10710306582243,
    203.68181376042574,
    210.50467093301856,
    183.93625267484913,
    183.17600322391675,
    226.36606389646946,
    159.50790564806564,
    208.86429366443468
  ],
  "val_rmse": [
    12.774901363940092,
    13.213466156395564,
    12.159221374278491,
    14.359298490002915,
    13.231720605264504,
    12.106292450396664,
    12.174872013492458,
    12.087290850213552,
    12.34164155746746,
    13.795265734644373,
    12.537843715105643,
    11.892182136667756,
    13.175845524042755,
    13.88221292054293,
    12.804142901399263,
    13.675253488816887,
    12.486900484740811,
    13.372890983509734,
    14.36786932517527,
    15.729397332055907,
    13.936404061101877,
    12.193558189803541,
    14.805977330851203,
    12.827136504621876,
    14.518028889687363,
    12.116352576409263,
    13.739738380573392,
    13.101421576090631,
    15.173446872422705,
    12.607878604478765,
    13.306671442656594,
    13.291621065609634,
    13.88292405958975,
    14.950991104597904,
    14.21698671243807,
    14.068878761627559,
    14.265680620099676,
    15.468482676036073,
    13.171136475626176,
    12.511752287849212,
    12.91966426070643,
    13.508082478143525,
    13.89951063433614,
    13.697261586740101,
    13.52645880822564,
    13.929745009170405,
    13.386137986198516,
    13.545156614088864,
    13.678013688824839,
    13.702906747121666,
    13.334237131640208,
    13.318448595765457,
    12.878861227931619,
    12.462707432098611,
    12.850107962900667,
    14.816556608451416,
    13.438862008554182,
    13.77864281868155,
    13.86920759934012,
    13.57319971444763,
    13.550486786041004,
    12.242907280810527,
    14.101243828636127,
    14.298494507829476,
    14.534163644386178,
    13.587834897515808,
    13.557868975514793,
    15.073331998082377,
    12.653007638301728,
    14.477588038755691
  ],
  "val_mae": [
    8.347426414489746,
    9.378402709960938,
    8.444032669067383,
    10.136301040649414,
    9.28499984741211,
    8.201568603515625,
    8.2965087890625,
    8.385736465454102,
    8.54817008972168,
    9.820659637451172,
    8.454856872558594,
    8.337969779968262,
    8.681621551513672,
    9.188200950622559,
    8.608759880065918,
    9.376747131347656,
    8.618035316467285,
    9.152303695678711,
    9.636015892028809,
    11.289064407348633,
    10.106986045837402,
    8.534127235412598,
    10.398517608642578,
    8.723965644836426,
    10.077835083007812,
    8.383439064025879,
    9.770586013793945,
    9.198766708374023,
    10.601566314697266,
    8.620200157165527,
    9.23641586303711,
    9.13749885559082,
    9.76237678527832,
    10.248024940490723,
    9.774127960205078,
    10.134696006774902,
    10.320932388305664,
    11.029300689697266,
    9.101946830749512,
    8.694084167480469,
    9.064464569091797,
    9.804461479187012,
    9.500490188598633,
    9.944321632385254,
    9.739213943481445,
    9.66559886932373,
    9.515663146972656,
    9.50040054321289,
    9.669083595275879,
    9.243949890136719,
    9.15914535522461,
    9.259410858154297,
    9.071891784667969,
    8.537243843078613,
    8.791116714477539,
    10.593194007873535,
    9.37903881072998,
    9.562114715576172,
    9.870439529418945,
    9.673257827758789,
    9.684762001037598,
    8.248690605163574,
    9.760334968566895,
    9.704878807067871,
    10.3137845993042,
    9.340459823608398,
    9.683148384094238,
    10.402432441711426,
    8.65845012664795,
    10.391400337219238
  ],