{
  "dataset_name": "cmapss",
  "subset": "FD001",
  "feature_list": [
    "unit_number",
    "time_cycles",
    "setting_1",
    "setting_2",
    "s_2",
    "s_3",
    "s_4",
    "s_7",
    "s_8",
    "s_9",
    "s_11",
    "s_12",
    "s_13",
    "s_15",
    "s_17",
    "s_20",
    "s_21",
    "RUL"
  ],
  "feature_cols": [
    "setting_1",
    "setting_2",
    "s_2",
    "s_3",
    "s_4",
    "s_7",
    "s_8",
    "s_9",
    "s_11",
    "s_12",
    "s_13",
    "s_15",
    "s_17",
    "s_20",
    "s_21"
  ],
  "n_features": 15,
  "n_context": 2,
  "seq_len": 50,
  "batch_size": 32,
  "smoothing_window": 3,
  "use_clustering": false,
  "split_context": false,
  "feature_mode": "selected",
  "piecewise_rul_cap": 125,
  "val_strategy": "engine",
  "test_last_window_only": true,
  "train_unit_ids": [
    1,
    2,
    4,
    6,
    7,
    8,
    9,
    10,
    11,
    12,
    13,
    14,
    15,
    16,
    17,
    18,
    20,
    21,
    23,
    24,
    27,
    29,
    30,
    31,
    32,
    33,
    35,
    36,
    37,
    38,
    39,
    40,
    41,
    42,
    44,
    45,
    46,
    47,
    48,
    49,
    50,
    54,
    55,
    56,
    58,
    59,
    61,
    63,
    64,
    65,
    66,
    67,
    68,
    69,
    70,
    71,
    73,
    74,
    75,
    76,
    77,
    78,
    79,
    80,
    81,
    83,
    84,
    85,
    86,
    87,
    88,
    89,
    90,
    91,
    92,
    94,
    95,
    96,
    97,
    99
  ],
  "val_unit_ids": [
    3,
    5,
    19,
    22,
    25,
    26,
    28,
    34,
    43,
    51,
    52,
    53,
    57,
    60,
    62,
    72,
    82,
    93,
    98,
    100
  ],
  "global_min": [
    -0.008700000122189522,
    -0.0006000000284984708,
    641.2100219726562,
    1571.0400390625,
    1382.25,
    549.8499755859375,
    2387.89990234375,
    9021.73046875,
    46.849998474121094,
    518.6900024414062,
    2387.8798828125,
    8.324899673461914,
    388.0,
    38.13999938964844,
    22.89419937133789,
    0.0
  ],
  "global_range": [
    0.017400000244379044,
    0.0012000000569969416,
    3.32000732421875,
    45.8699951171875,
    59.239990234375,
    6.21002197265625,
    0.66015625,
    222.859375,
    1.6800003051757812,
    4.69000244140625,
    0.68017578125,
    0.2599000930786133,
    12.0,
    1.2900009155273438,
    0.7242012023925781,
    125.0
  ],
  "rul_min": 0.0,
  "rul_range": 125.0,
  "max_rul": 125.0,
  "label_mode": "piecewise_rul",
  "target_normalisation": true
}