{
    "subset": "FD002",
    "seq_len": 50,
    "max_rul": 125,
    "var_threshold": 0.01,
    "feature_cols": [
        "setting_1",
        "setting_2",
        "setting_3",
        "sensor_1",
        "sensor_2",
        "sensor_3",
        "sensor_4",
        "sensor_5",
        "sensor_6",
        "sensor_7",
        "sensor_8",
        "sensor_9",
        "sensor_10",
        "sensor_11",
        "sensor_12",
        "sensor_13",
        "sensor_14",
        "sensor_15",
        "sensor_17",
        "sensor_18",
        "sensor_19",
        "sensor_20",
        "sensor_21"
    ],
    "mean": {
        "setting_1": 24.0219768005942,
        "setting_2": 0.5729501311422138,
        "setting_3": 94.04219761855025,
        "sensor_1": 472.8861530069865,
        "sensor_2": 579.6439268388924,
        "sensor_3": 1419.914874776594,
        "sensor_4": 1205.3234674929788,
        "sensor_5": 8.026903418981965,
        "sensor_6": 11.592940138801849,
        "sensor_7": 282.37569644639416,
        "sensor_8": 2228.791030336792,
        "sensor_9": 8524.888379639302,
        "sensor_10": 1.0946319894157788,
        "sensor_11": 42.98375089942669,
        "sensor_12": 265.8521361093703,
        "sensor_13": 2334.5237676113547,
        "sensor_14": 8066.510425457836,
        "sensor_15": 9.331310619037671,
        "sensor_17": 348.28783975117796,
        "sensor_18": 2228.717359515354,
        "sensor_19": 97.75539795278881,
        "sensor_20": 20.773370238841306,
        "sensor_21": 12.463914855047234
    },
    "std": {
        "setting_1": 14.727650357838355,
        "setting_2": 0.309547788308992,
        "setting_3": 14.241537618222427,
        "sensor_1": 26.366511494816297,
        "sensor_2": 37.25995122913036,
        "sensor_3": 105.85438437220019,
        "sensor_4": 118.98704292777605,
        "sensor_5": 3.609001325364236,
        "sensor_6": 5.424399449564571,
        "sensor_7": 145.8002618714043,
        "sensor_8": 145.1993267265648,
        "sensor_9": 335.53073109255763,
        "sensor_10": 0.12726864654389614,
        "sensor_11": 3.230327751494771,
        "sensor_12": 137.46467712972554,
        "sensor_13": 128.10286447723075,
        "sensor_14": 84.86212907513723,
        "sensor_15": 0.7489403633064555,
        "sensor_17": 27.73050836488506,
        "sensor_18": 145.31718175395054,
        "sensor_19": 5.365499297665297,
        "sensor_20": 9.855738027339072,
        "sensor_21": 5.913315939234648
    },
    "label_mode": "cycles",
    "seed": 42,
    "val_ratio": 0.2
}