{
  "train_loss": [
    2206.394423109975,
    215.44949971858543,
    201.33966719214595,
    186.3609156442519,
    174.15501859294835,
    167.11848518978897,
    166.90958618999122,
    156.68976065412681,
    155.28097349138403,
    149.92160537112412,
    142.02464496555612,
    134.62694318970637,
    129.16889708789427,
    130.1191877488473,
    120.74481597824476,
    115.53073343115659,
    113.36502875143023,
    112.11525806977382,
    107.79788492686713,
    102.65084906241194,
    99.20312123749386,
    97.8989197935038,
    94.91562875586362,
    93.18906682047678,
    91.7828976692845,
    89.5503304135147,
    87.28313376773056,
    89.89072756031852,
    85.5124528799484,
    84.95677260972967,
    84.11396387679066,
    82.6663717156026,
    79.37034293786803,
    82.02811281004948,
    76.24386062432285,
    73.95699245301051,
    72.35256259121113,
    73.99190049622189,
    72.35879631896518,
    65.28705664772299,
    64.46184626621987,
    60.82902744634828,
    64.29214676814293,
    61.32970678984229,
    60.81133571548841,
    59.00496116562269,
    57.80952109626276,
    57.976797426517926,
    57.352320979483686,
    54.95553725038595,
    56.10538816689259,
    54.844555916477795,
    54.926323885941386,
    54.36876315501199,
    55.07464748591333,
    52.33449878977306,
    52.741613701208315,
    51.40105837257347,
    51.892309331182226,
    50.85544531618185,
    51.827787460972424,
    49.97906070917993,
    49.97812565286361,
    51.49207039733431,
    52.25513786581618,
    51.957349625392936,
    48.6107659553414,
    48.47234344956887,
    48.00756862033066,
    48.970825570139716,
    45.515316607347174,
    45.560263130795306,
    45.42963967868938,
    43.80939381869871,
    46.11418913371527,
    43.96522065774718,
    43.323317914459835,
    45.035592408915655,
    42.79062379533379,
    44.092300063935085,
    45.208037791560535,
    43.055452100080046,
    43.89994649270281,
    43.602141408777946,
    43.310373647889094,
    43.54847366655644,
    42.51881794194084,
    41.87899399515408,
    42.63908081624045,
    42.98955516910078,
    41.7562500256211,
    42.528315261821845,
    40.93994837139376,
    41.84284319806455,
    41.736762860521154,
    42.247568296555855,
    41.309212034614525,
    41.06891230208364,
    41.132093723733625,
    43.47833599024151,
    41.291512773997745,
    39.382118163417225,
    38.38635913886834,
    39.511083920796715
  ],
  "val_loss": [
    164.32984027862548,
    136.74225476582845,
    191.79001316891777,
    175.94067131148444,
    143.5963143852022,
    138.34308018949298,
    145.0865023056666,
    126.82336453596751,
    130.46218056148953,
    172.1851176738739,
    141.89349755181206,
    137.67634172704484,
    153.42434009975858,
    135.72247345182632,
    139.1973409493764,
    146.64607200490104,
    155.2575265513526,
    149.7281021224128,
    154.58482863373226,
    138.0562063217163,
    190.55886812210082,
    162.37208768526713,
    148.08313573731317,
    141.08879492547777,
    164.33808313475714,
    209.12521386411456,
    175.4082526842753,
    160.69422320392397,
    129.93547755214902,
    146.95282212893167,
    131.47278327147166,
    162.92023105886247,
    169.4085943116082,
    144.48852238125272,
    141.87163463168673,
    188.6442217402988,
    166.48390918307834,
    171.1162100421058,
    182.56107244756487,
    158.66166523827448,
    140.17681445280712,
    146.02441964679295,
    159.94174009429085,
    172.17242821587456,
    149.75981483194562,
    181.12609343263838,
    183.6282741970486,
    155.02761668364207,
    168.44462198548848,
    182.05682635837132,
    167.85245100392237,
    189.85271493064033,
    201.23786799642775,
    154.3233710580402,
    189.41693109406364,
    157.2604885313246,
    183.46883147027756,
    187.30891732904647,
    163.78553063604568,
    156.41616050402322,
    180.68035488128663,
    172.7317107094659,
    210.08458647198148,
    175.26847383711072,
    192.5675423834059,
    174.2272240055932,
    159.1694266796112,
    182.25769319004482,
    169.6201080030865,
    172.55541700787015,
    191.74811064402263,
    206.1245880285899,
    191.7817263815138,
    165.0823491520352,
    196.21542279720308,
    177.39054334163666,
    180.04754062228733,
    184.53899466196697,
    182.57407467100356,
    171.0218201107449,
    189.92041734059652,
    163.2080188512802,
    176.81972638236152,
    185.16082874933878,
    168.6850072701772,
    178.643992389573,
    166.8060926410887,
    194.84051501221126,
    182.1865353650517,
    182.0116260793474,
    185.2889140791363,
    183.95207697418002,
    173.93981380992466,
    183.8206343491872,
    177.2089924123552,
    193.01199981371562,
    168.25766294797262,
    201.00739461580912,
    177.89011701477898,
    197.33668854236603,
    175.5872546725803,
    174.4256504032347,
    188.05866635508008,
    173.56685731543436
  ],
  "val_rmse": [
    12.835284262326509,
    11.708970528817918,
    13.867550611443157,
    13.281078238779045,
    11.999366107728553,
    11.77762618857023,
    12.06114260294902,
    11.276810636429204,
    11.433464297183113,
    13.13977207677105,
    11.927846790294314,
    11.749157165167077,
    12.397038727610202,
    11.665550469181616,
    11.812750596713547,
    12.125094383894888,
    12.476167465959724,
    12.251515820198664,
    12.4495178129281,
    11.765226846267803,
    13.822715330442326,
    12.759310445778715,
    12.185084020350775,
    11.893383052134691,
    12.836830818541904,
    14.480483502487765,
    13.261811947389756,
    12.692956512157885,
    11.412073106918665,
    12.138353682726217,
    11.48025143869694,
    12.781373562017345,
    13.031179743515645,
    12.036399314050096,
    11.926964069864054,
    13.753453046530716,
    12.918313657702736,
    13.098565502103298,
    13.524746854038353,
    12.612918322821411,
    11.855711359749913,
    12.10026497038456,
    12.663223267033642,
    13.13764330117046,
    12.253500924719816,
    13.47569856832279,
    13.56898617672882,
    12.467671818594356,
    12.992531611874064,
    13.51104567021143,
    12.972316904060547,
    13.797190747908783,
    14.204943717783278,
    12.439576248850946,
    13.781178030920357,
    12.55695216720571,
    13.563211026868785,
    13.704332009270372,
    12.814501201374911,
    12.52333819849121,
    13.4597880204217,
    13.16035103929751,
    14.514118555777745,
    13.256797342542805,
    13.895752928966845,
    13.217533281030779,
    12.631850395297583,
    13.5171196789132,
    13.041517425430696,
    13.152507911249046,
    13.866238413824545,
    14.375813071435081,
    13.867117077285972,
    12.864915175797652,
    14.02660240226306,
    13.336782454376001,
    13.436353625700791,
    13.603116721762643,
    13.530213631284731,
    13.095408769296244,
    13.799948672876411,
    12.791791453462146,
    13.315513019140143,
    13.625950211454578,
    13.005500216780279,
    13.384090578565074,
    12.93287406446776,
    13.977254646780157,
    13.516116659229397,
    13.509287712244028,
    13.63065829595382,
    13.580998756412567,
    13.20536916948344,
    13.576566793322776,
    13.330261130840846,
    13.911701771062813,
    12.988881565074163,
    14.19693660735312,
    13.355236817962727,
    14.066925301968865,
    13.268875784149737,
    13.224719996814322,
    13.732097831877612,
    13.19242181277315
  ],