{
  "FD001": {
    "lstm": {
      "run_dir": "/workspace/nirban/projects/counterfactual_basis_kernel/outputs/cmapss/v2/FD001/lstm",
      "test_metrics": {
        "loss": 0.013898164976662884,
        "rmse": 14.736309875112953,
        "mae": 10.299934387207031,
        "r2": 0.8647716045379639,
        "nasa_score": 327.489013671875
      }
    },
    "cnn_lstm": {
      "run_dir": "/workspace/nirban/projects/counterfactual_basis_kernel/outputs/cmapss/v2/FD001/cnn_lstm",
      "test_metrics": {
        "loss": 0.01603811492133161,
        "rmse": 15.830210059791037,
        "mae": 11.39151382446289,
        "r2": 0.8439500331878662,
        "nasa_score": 456.78326416015625
      }
    },
    "transformer": {
      "run_dir": "/workspace/nirban/projects/counterfactual_basis_kernel/outputs/cmapss/v2/FD001/transformer",
      "test_metrics": {
        "loss": 0.01284468005209135,
        "rmse": 14.166796395698906,
        "mae": 10.103326797485352,
        "r2": 0.8750219941139221,
        "nasa_score": 356.05877685546875
      }
    },
    "star": {
      "run_dir": "/workspace/nirban/projects/counterfactual_basis_kernel/outputs/cmapss/v2/FD001/star",
      "test_metrics": {
        "loss": 0.012078166149428853,
        "rmse": 13.737588725614865,
        "mae": 10.855027198791504,
        "r2": 0.8824801445007324,
        "nasa_score": 245.9918975830078
      }
    }
  },
  "FD002": {
    "lstm": {
      "run_dir": "/workspace/nirban/projects/counterfactual_basis_kernel/outputs/cmapss/v2/FD002/lstm",
      "test_metrics": {
        "loss": 0.02298682623732823,
        "rmse": 18.951758729351397,
        "mae": 15.09836483001709,
        "r2": 0.8051996827125549,
        "nasa_score": 1524.1473388671875
      }
    },
    "cnn_lstm": {
      "run_dir": "/workspace/nirban/projects/counterfactual_basis_kernel/outputs/cmapss/v2/FD002/cnn_lstm",
      "test_metrics": {
        "loss": 0.02360239687061538,
        "rmse": 19.203840126025252,
        "mae": 14.3984375,
        "r2": 0.799983024597168,
        "nasa_score": 3505.52099609375
      }
    },
    "transformer": {
      "run_dir": "/workspace/nirban/projects/counterfactual_basis_kernel/outputs/cmapss/v2/FD002/transformer",
      "test_metrics": {
        "loss": 0.02202709619497967,
        "rmse": 18.551910153979513,
        "mae": 14.277486801147461,
        "r2": 0.8133328557014465,
        "nasa_score": 2052.664306640625
      }
    },
    "star": {
      "run_dir": "/workspace/nirban/projects/counterfactual_basis_kernel/outputs/cmapss/v2/FD002/star",
      "test_metrics": {
        "loss": 0.023930400453129663,
        "rmse": 19.336817372657674,
        "mae": 15.548910140991211,
        "r2": 0.7972034215927124,
        "nasa_score": 1786.658447265625
      }
    }
  },
  "FD003": {
    "lstm": {
      "run_dir": "/workspace/nirban/projects/counterfactual_basis_kernel/outputs/cmapss/v2/FD003/lstm",
      "test_metrics": {
        "loss": 0.00888797790687363,
        "rmse": 11.784509506408853,
        "mae": 8.419053077697754,
        "r2": 0.909467875957489,
        "nasa_score": 233.4291229248047
      }
    },
    "cnn_lstm": {
      "run_dir": "/workspace/nirban/projects/counterfactual_basis_kernel/outputs/cmapss/v2/FD003/cnn_lstm",
      "test_metrics": {
        "loss": 0.012296681236795734,
        "rmse": 13.861300466939083,
        "mae": 10.460291862487793,
        "r2": 0.8747471570968628,
        "nasa_score": 507.28497314453125
      }
    },
    "transformer": {
      "run_dir": "/workspace/nirban/projects/counterfactual_basis_kernel/outputs/cmapss/v2/FD003/transformer",
      "test_metrics": {
        "loss": 0.009264911768667047,
        "rmse": 12.031801047648491,
        "mae": 8.879233360290527,
        "r2": 0.905628502368927,
        "nasa_score": 248.1776580810547
      }
    },
    "star": {
      "run_dir": "/workspace/nirban/projects/counterfactual_basis_kernel/outputs/cmapss/v2/FD003/star",
      "test_metrics": {
        "loss": 0.00913023909986805,
        "rmse": 11.94403504451202,
        "mae": 9.310359001159668,
        "r2": 0.9070002436637878,
        "nasa_score": 213.17591857910156
      }
    }
  },
  "FD004": {
    "lstm": {
      "run_dir": "/workspace/nirban/projects/counterfactual_basis_kernel/outputs/cmapss/v2/FD004/lstm",
      "test_metrics": {
        "loss": 0.019615128389711186,
        "rmse": 17.50675267318746,
        "mae": 12.720102310180664,
        "r2": 0.8340966701507568,
        "nasa_score": 1808.353759765625
      }
    },
    "cnn_lstm": {
      "run_dir": "/workspace/nirban/projects/counterfactual_basis_kernel/outputs/cmapss/v2/FD004/cnn_lstm",
      "test_metrics": {
        "loss": 0.02610659221923048,
        "rmse": 20.196918003155133,
        "mae": 14.052968978881836,
        "r2": 0.779192328453064,
        "nasa_score": 3760.851318359375
      }
    },
    "transformer": {
      "run_dir": "/workspace/nirban/projects/counterfactual_basis_kernel/outputs/cmapss/v2/FD004/transformer",
      "test_metrics": {
        "loss": 0.022434590772810736,
        "rmse": 18.7227259315676,
        "mae": 12.448311805725098,
        "r2": 0.8102498650550842,
        "nasa_score": 2953.71044921875
      }
    },
    "star": {
      "run_dir": "/workspace/nirban/projects/counterfactual_basis_kernel/outputs/cmapss/v2/FD004/star",
      "test_metrics": {
        "loss": 0.02241552774740266,
        "rmse": 18.714769962414547,
        "mae": 13.75268268585205,
        "r2": 0.8104110956192017,
        "nasa_score": 1958.5994873046875
      }
    }
  }
}