{
  "train_loss": [
    6.143229496859842,
    0.07568140653686391,
    0.06752574685547087,
    0.056722197752032015,
    0.053644748686088456,
    0.05198394807262553,
    0.04964067104789946,
    0.047124131441944175,
    0.046016096323728564,
    0.04464777095036374,
    0.0427653831595348,
    0.04306381360938152,
    0.04218177876952622,
    0.04158373793794049,
    0.04018096598072184,
    0.040564911684228315,
    0.0390390954621964,
    0.038239518648220436,
    0.03786230301277505,
    0.037397059433990056,
    0.03552848647865984,
    0.035106196689109005,
    0.0350582007649872,
    0.033776453491300346,
    0.03362337245295445,
    0.03215897779911756,
    0.031908183766322006,
    0.030859923110240037,
    0.031877194413294396,
    0.031714903490824835,
    0.029860712403638495,
    0.02949066454751624,
    0.02928431919672423,
    0.02758579685456223,
    0.02764433940458629,
    0.027172337143371503,
    0.02680270734553536,
    0.02572879171826773,
    0.02625786700182491,
    0.02612213894724846,
    0.025889984449992576,
    0.025782629932380386,
    0.026041970091561475,
    0.025080095335013337,
    0.025246703546080326,
    0.024443090001328122,
    0.02428607938397262,
    0.024372958135273723,
    0.024053518595173955,
    0.023042570828563636,
    0.022995398692372774,
    0.023132543625930944,
    0.023437221004731126,
    0.022059424966573715,
    0.02262321804339687,
    0.02171838130387995,
    0.021774821433549127,
    0.022073316768639616,
    0.021880653695099884,
    0.021378214882893695,
    0.020939371635516485,
    0.020708081817461383,
    0.021227518756770425,
    0.020680758396370544,
    0.020018042007254228,
    0.019666884226931466,
    0.01971804331574175,
    0.019804215431213378,
    0.0197411487189432,
    0.019018635347278583
  ],
  "learning_rate": [
    0.0005,
    0.0005,
    0.0005,
    0.0005,
    0.0005,
    0.0005,
    0.0005,
    0.0005,
    0.0005,
    0.0005,
    0.0005,
    0.0005,
    0.0005,
    0.0005,
    0.0005,
    0.0005,
    0.0005,
    0.0005,
    0.0005,
    0.0005,
    0.0005,
    0.0005,
    0.0005,
    0.0005,
    0.0005,
    0.0005,
    0.0005,
    0.0005,
    0.0005,
    0.0005,
    0.0005,
    0.0005,
    0.0003,
    0.0003,
    0.0003,
    0.0003,
    0.0003,
    0.0003,
    0.0003,
    0.0003,
    0.0003,
    0.0003,
    0.0003,
    0.0003,
    0.0003,
    0.0003,
    0.0003,
    0.0003,
    0.0003,
    0.0003,
    0.0003,
    0.0003,
    0.0003,
    0.0003,
    0.0003,
    0.0003,
    0.0003,
    0.0003,
    0.0003,
    0.0003,
    0.0003,
    0.0003,
    0.0003,
    0.00017999999999999998,
    0.00017999999999999998,
    0.00017999999999999998,
    0.00017999999999999998,
    0.00017999999999999998,
    0.00017999999999999998,
    0.00017999999999999998
  ],
  "val_loss": [
    0.31622986869858993,
    0.26545737202972025,
    0.31749635556795325,
    0.44553173403140944,
    0.39692990922281896,
    0.28982058328947996,
    0.2995414629651995,
    0.5347717778729688,
    0.42084167479294277,
    0.3804022249183044,
    0.43061600698919716,
    0.42315810522422415,
    0.4827879883092025,
    0.4449303251475536,
    0.477851788545477,
    0.5378614159053182,
    0.44989593231619285,
    0.5785450928757343,
    0.5683029357876096,
    0.4814664372816462,
    0.5800477454961814,
    0.6598358359830133,
    0.4904267672687916,
    0.6365137241156817,
    0.49754160319643065,
    0.5105445793109574,
    0.5225249721205293,
    0.561529426078491,
    0.47355339107255046,
    0.5693457087712922,
    0.6034076489838474,
    0.6229605450125163,
    0.5052426512458642,
    0.5404495977856255,
    0.5431594183585914,
    0.6045995740027263,
    0.5399337871174507,
    0.5205282519750407,
    0.5872520050538584,
    0.5977416390855911,
    0.537868624764123,
    0.5162864980732866,
    0.5684795153552088,
    0.539612986771344,
    0.5326113358800635,
    0.6032513101846714,
    0.5965884574528398,
    0.5423081646411877,
    0.565591503099855,
    0.5787701390940567,
    0.6206709218436274,
    0.5442918794495719,
    0.55463933709807,
    0.528842522959991,
    0.565660966147343,
    0.5500781039886287,
    0.5911683175951389,
    0.6430188678755548,
    0.5091476267194514,
    0.5917311974346932,
    0.5521912932983173,
    0.61859872232517,
    0.5307818063961461,
    0.5561656500465177,
    0.5991615208205331,
    0.598292206748953,
    0.6005356193616472,
    0.5644471603514526,
    0.5473802508098151,
    0.5690817032835166
  ],
  "val_rmse": [
    0.562343151688953,
    0.5152255736460406,
    0.5634681529139842,
    0.6674816519469328,
    0.6300237453617887,
    0.5383498692064258,
    0.5473037946025493,
    0.7312809309979297,
    0.6487231257463956,
    0.6167675472773942,
    0.6562133733428394,
    0.6505060179473803,
    0.6948294515405996,
    0.6670309923984211,
    0.6912682390134919,
    0.7333903509067535,
    0.6707428108964666,
    0.7606215179288428,
    0.7538586932584898,
    0.6938778295540021,
    0.761608683141027,
    0.8123028222493951,
    0.7003047543684197,
    0.7978180933157462,
    0.7053662923802348,
    0.7145240360565693,
    0.7228588748078624,
    0.7493526526038842,
    0.6881521339852943,
    0.7545500067336446,
    0.7767931651241964,
    0.789278472954711,
    0.7108042246220185,
    0.7351527458212804,
    0.7369935042173957,
    0.7775600266666781,
    0.7348018785341575,
    0.7214764423688121,
    0.7663237049940949,
    0.7731375064316298,
    0.7333952678911617,
    0.7185307873346258,
    0.753975781016355,
    0.7345835612775075,
    0.7298022406666241,
    0.7766925250061449,
    0.7723914113928855,
    0.7364157869889802,
    0.7520581853224957,
    0.7607694530375473,
    0.7878267034379854,
    0.7377613800577556,
    0.7447411224358579,
    0.7272155861867079,
    0.7521043501547697,
    0.7416724978085575,
    0.768874725830446,
    0.8018845935345772,
    0.7135458247673857,
    0.7692406584947636,
    0.7430957657539514,
    0.7865104573810205,
    0.7285477372933701,
    0.7457651343323747,
    0.7740552342689492,
    0.7734934853992687,
    0.7749423405517404,
    0.7512969882380219,
    0.7398514776420442,
    0.7543750155495529
  ],
  "val_mae": [
    0.5503748059272766,
    0.5021350383758545,
    0.5515234470367432,
    0.6574291586875916,
    0.6193636655807495,
    0.5258347392082214,
    0.534997820854187,
    0.722117006778717,
    0.6383755207061768,
    0.6058746576309204,
    0.6459857225418091,
    0.6401873826980591,
    0.6851783990859985,
    0.6569716930389404,
    0.6815668344497681,
    0.724253237247467,
    0.6607398390769958,
    0.7518152594566345,
    0.7449726462364197,
    0.6842132806777954,
    0.7528140544891357,
    0.8040628433227539,
    0.6907302141189575,
    0.7894270420074463,
    0.6958613395690918,
    0.7051425576210022,
    0.7135869860649109,
    0.7404125928878784,
    0.6784060597419739,
    0.7456722855567932,
    0.768172562122345,
    0.780795693397522,
    0.7013729214668274,
    0.726037859916687,
    0.7279016375541687,
    0.768947958946228,
    0.7256826162338257,
    0.7121865153312683,
    0.7575839161872864,
    0.7644756436347961,
    0.7242582440376282,
    0.7092022895812988,
    0.7450912594795227,
    0.725461483001709,
    0.7206196784973145,
    0.7680707573890686,
    0.7637210488319397,
    0.7273167371749878,
    0.7431507110595703,
    0.7519651055335999,
    0.7793281674385071,
    0.7286791205406189,
    0.7357450723648071,
    0.7179999351501465,
    0.7431973814964294,
    0.7326387166976929,
    0.7601642608642578,
    0.7935365438461304,
    0.7041513323783875,
    0.760534405708313,
    0.7340794205665588,
    0.7779974937438965,
    0.7193491458892822,
    0.7367815375328064,
    0.765403687953949,
    0.7648356556892395,
    0.7663007974624634,
    0.7423803210258484,
    0.7307952046394348,
    0.7454952001571655
  ],