{
    "subset": "FD003",
    "seq_len": 50,
    "max_rul": 125,
    "var_threshold": 0.01,
    "feature_cols": [
        "sensor_2",
        "sensor_3",
        "sensor_4",
        "sensor_6",
        "sensor_7",
        "sensor_8",
        "sensor_9",
        "sensor_11",
        "sensor_12",
        "sensor_13",
        "sensor_14",
        "sensor_15",
        "sensor_17",
        "sensor_20",
        "sensor_21"
    ],
    "mean": {
        "sensor_2": 642.459192985952,
        "sensor_3": 1588.047840988343,
        "sensor_4": 1404.5373239015644,
        "sensor_6": 21.594897379695126,
        "sensor_7": 555.0352794659758,
        "sensor_8": 2388.0671669821663,
        "sensor_9": 9063.729566603566,
        "sensor_11": 47.41796901464581,
        "sensor_12": 522.9484975590316,
        "sensor_13": 2388.06727757298,
        "sensor_14": 8143.830808010361,
        "sensor_15": 8.39754018631065,
        "sensor_17": 392.56326591611037,
        "sensor_20": 38.98108100029889,
        "sensor_21": 23.388166932350302
    },
    "std": {
        "sensor_2": 0.5282475370394113,
        "sensor_3": 6.916373043203799,
        "sensor_4": 9.887746517943725,
        "sensor_6": 0.01904724962918024,
        "sensor_7": 3.4488186421603872,
        "sensor_8": 0.16641818565919533,
        "sensor_9": 20.310250132895725,
        "sensor_11": 0.3042833667746663,
        "sensor_12": 3.2637155209916595,
        "sensor_13": 0.16612379869533891,
        "sensor_14": 16.81665174144541,
        "sensor_15": 0.06080820238907925,
        "sensor_17": 1.7854054467551714,
        "sensor_20": 0.24941595129122587,
        "sensor_21": 0.14913034522180219
    },
    "label_mode": "cycles",
    "seed": 42,
    "val_ratio": 0.2
}