{
    "train_loss": [
        1231.5359163051698,
        193.0549346799773,
        172.55497056294263,
        155.79392696783793,
        137.36857640646338,
        118.08290999497825,
        101.59757762226631,
        79.23251387743446,
        76.10202501265984,
        74.80743594673591,
        68.02535348597581,
        68.58026514208414,
        66.1221561935859,
        62.09289751595598,
        61.47644372102691,
        60.54615320422785,
        59.26646752086112,
        60.877979367729125,
        60.895105598418695,
        58.09333623715533,
        57.0486639786542,
        57.270317124157415,
        57.46218045940244,
        56.18244906557285
    ],
    "val_loss": [
        205.0925089518229,
        226.93436177571616,
        221.60924275716147,
        241.12250264485678,
        320.5783386230469,
        314.0076395670573,
        355.1611633300781,
        304.3966878255208,
        301.03821818033856,
        308.1985270182292,
        320.1088562011719,
        301.9061584472656,
        307.0230407714844,
        294.69195556640625,
        289.75818888346356,
        303.6276448567708,
        315.09290568033856,
        307.16515096028644,
        290.0337778727214,
        303.6791178385417,
        307.3327941894531,
        301.0920918782552,
        316.0580647786458,
        301.8944905598958
    ],
    "val_rmse": [
        14.293009851505538,
        15.04807207806374,
        14.855496483013818,
        15.478086177993662,
        17.84126651938211,
        17.702567324898897,
        18.796514569487012,
        17.389840573616,
        17.30719419626606,
        17.52549064265035,
        17.873838160176227,
        17.308356164443648,
        17.438671660625683,
        17.088979888880967,
        16.963258420199487,
        17.375494421641196,
        17.712932728372333,
        17.471730095759334,
        16.976963366758202,
        17.376354137317435,
        17.47139210928334,
        17.29440915830216,
        17.726676984260102,
        17.320106350261682
    ],
    "val_mae": [
        10.588930130004883,
        11.108782768249512,
        10.613024711608887,
        11.470458030700684,
        13.171560287475586,
        13.38223648071289,
        14.02794361114502,
        12.677166938781738,
        12.67771053314209,
        13.157502174377441,
        12.96652603149414,
        12.583433151245117,
        13.058760643005371,
        12.591341018676758,
        12.653393745422363,
        12.963750839233398,
        12.974902153015137,
        12.918665885925293,
        12.4147367477417,
        12.861788749694824,
        12.995148658752441,
        12.818804740905762,
        13.184288024902344,
        12.74753189086914
    ],
    "val_r2": [
        0.8786420822143555,
        0.8654813766479492,
        0.868902325630188,
        0.8576834797859192,
        0.8109084367752075,
        0.8138370513916016,
        0.7901179194450378,
        0.8203563094139099,
        0.8220598101615906,
        0.8175427913665771,
        0.8102173805236816,
        0.8220359086990356,
        0.819346010684967,
        0.8265185356140137,
        0.82906174659729,
        0.8206526041030884,
        0.8136190176010132,
        0.8186604380607605,
        0.8287854194641113,
        0.8206348419189453,
        0.818667471408844,
        0.8223226070404053,
        0.8133296370506287,
        0.8217942118644714
    ],
    "val_nasa_score": [
        317.4780578613281,
        398.04693603515625,
        359.36895751953125,
        388.59918212890625,
        577.7918701171875,
        539.4182739257812,
        572.9984741210938,
        477.2888488769531,
        525.7487182617188,
        533.2588500976562,
        606.7269897460938,
        645.6507568359375,
        713.5735473632812,
        642.184814453125,
        575.389892578125,
        620.197509765625,
        662.5516357421875,
        627.4400024414062,
        544.7640380859375,
        627.3656005859375,
        737.7080078125,
        640.7266235351562,
        712.5038452148438,
        647.4119262695312
    ],
    "learning_rate": [
        0.001,
        0.001,
        0.001,
        0.001,
        0.001,
        0.001,
        0.0005,
        0.0005,
        0.0005,
        0.0005,
        0.0005,
        0.0005,
        0.00025,
        0.00025,
        0.00025,
        0.00025,
        0.00025,
        0.00025,
        0.000125,
        0.000125,
        0.000125,
        0.000125,
        0.000125,
        0.000125
    ]
}