{
    "train_loss": [
        1616.5866235097249,
        231.94715867391446,
        201.1100786410696,
        281.6231445529597,
        227.70236628617698,
        203.67565457413835,
        194.50437509335154,
        181.33058010659568,
        155.21349157938144,
        151.7679673171625,
        123.44082288044255,
        116.84202747810178,
        113.78681749638503,
        108.20226442135447,
        97.0783288033028,
        94.46576094821216,
        89.59339171308812,
        97.48034471806471,
        91.92190522294703,
        83.80977120438243,
        79.2059527296361,
        77.84169154438545,
        78.1006149392787,
        75.49852296782703
    ],
    "val_loss": [
        395.19629923502606,
        205.7616984049479,
        225.68828837076822,
        232.55962117513022,
        228.55252075195312,
        265.0099792480469,
        225.99157206217447,
        238.7417195638021,
        230.26936848958334,
        232.90872192382812,
        258.68628946940106,
        223.63033548990884,
        212.2150675455729,
        242.8985392252604,
        216.69771321614584,
        245.05675252278647,
        230.08837890625,
        219.89178466796875,
        232.73728942871094,
        213.93640645345053,
        240.75453186035156,
        228.00255839029947,
        233.4955800374349,
        243.51760864257812
    ],
    "val_rmse": [
        19.938541588436905,
        14.274346684405614,
        15.042264269566227,
        15.190596653343485,
        15.07201341489936,
        16.20492452489125,
        15.004264225422354,
        15.420253247112322,
        15.173386032021916,
        15.240397447424682,
        16.07205853877555,
        14.97516356109811,
        14.544489516410287,
        15.552587086651874,
        14.716753198549986,
        15.63906008030254,
        15.182344040254147,
        14.844781522546851,
        15.273475963027018,
        14.61031393206044,
        15.506228764376077,
        15.098785129205915,
        15.27260627533514,
        15.561698923596738
    ],
    "val_mae": [
        14.271902084350586,
        10.582167625427246,
        10.849966049194336,
        11.153155326843262,
        10.957252502441406,
        11.246452331542969,
        10.634082794189453,
        10.920147895812988,
        10.837187767028809,
        11.148741722106934,
        11.4843168258667,
        10.85633373260498,
        10.861123085021973,
        11.246454238891602,
        10.84937858581543,
        11.086596488952637,
        10.868396759033203,
        10.73048210144043,
        11.271319389343262,
        10.678048133850098,
        11.324175834655762,
        10.920177459716797,
        11.119202613830566,
        11.281147956848145
    ],
    "val_r2": [
        0.7638393640518188,
        0.8789588212966919,
        0.865585207939148,
        0.8629211783409119,
        0.8650529980659485,
        0.8440035581588745,
        0.8662634491920471,
        0.8587450385093689,
        0.8632315993309021,
        0.8620209097862244,
        0.8465511202812195,
        0.8667817115783691,
        0.8743340373039246,
        0.8563101887702942,
        0.8713396787643433,
        0.8547078967094421,
        0.8630700707435608,
        0.8690913319587708,
        0.8614212870597839,
        0.8731939792633057,
        0.857165515422821,
        0.8645731806755066,
        0.8614370822906494,
        0.8561417460441589
    ],
    "val_score": [
        587.2041625976562,
        329.5354919433594,
        347.1796569824219,
        321.9001159667969,
        445.89459228515625,
        405.8488464355469,
        351.4301452636719,
        379.71533203125,
        338.46075439453125,
        328.7040710449219,
        401.41485595703125,
        342.1344299316406,
        360.4718933105469,
        426.9235534667969,
        343.3627624511719,
        420.26605224609375,
        378.6291198730469,
        365.37103271484375,
        416.6881408691406,
        361.15777587890625,
        379.45318603515625,
        383.2571105957031,
        370.6631774902344,
        407.01495361328125
    ],
    "learning_rate": [
        0.001,
        0.001,
        0.001,
        0.001,
        0.001,
        0.001,
        0.001,
        0.001,
        0.0005,
        0.0005,
        0.0005,
        0.0005,
        0.0005,
        0.0005,
        0.00025,
        0.00025,
        0.00025,
        0.00025,
        0.00025,
        0.00025,
        0.000125,
        0.000125,
        0.000125,
        0.000125
    ]
}