{
    "train_loss": [
        1909.7711676930994,
        195.9377930648928,
        184.5257891755763,
        168.61136707057798,
        159.61183999999753,
        152.77219071427012,
        146.7965446642744,
        143.33592506346665,
        129.06477990964564,
        124.92299665280474,
        119.45987456407005,
        118.4113599110425,
        116.31395177143376,
        111.57886571418948,
        106.34900592400776,
        106.09688053673845,
        101.20917124864532,
        101.47712794358168,
        97.57814876820014,
        99.46998152694081,
        94.69738280288573,
        92.74317566941424,
        95.01694609866878,
        91.93712534943248
    ],
    "val_loss": [
        232.04187520345053,
        195.87325032552084,
        254.14579264322916,
        210.0224609375,
        197.67260233561197,
        201.92440287272134,
        266.54648844401044,
        234.64376322428384,
        261.36159261067706,
        249.10044860839844,
        217.32416280110678,
        267.76365152994794,
        258.1893615722656,
        271.2731018066406,
        257.6083679199219,
        273.49852498372394,
        256.7076721191406,
        256.6643575032552,
        251.23338317871094,
        259.45884704589844,
        279.22987874348956,
        271.74705505371094,
        266.4358876546224,
        277.4485117594401
    ],
    "val_rmse": [
        15.25299443097414,
        13.968071633066762,
        15.936150467526115,
        14.517057711520243,
        14.07703025363371,
        14.204738546272816,
        16.286385046738427,
        15.272524848851583,
        16.078311010828767,
        15.699791215613894,
        14.713039837496725,
        16.308403348439438,
        15.940944882750294,
        16.342450354636235,
        15.988790400059388,
        16.451168048980026,
        15.910381147901026,
        15.919130038160848,
        15.751692907994792,
        15.980505511293577,
        16.56934373641481,
        16.359318103709562,
        16.166587488563895,
        16.4855125866362
    ],
    "val_mae": [
        11.132119178771973,
        10.404512405395508,
        11.769259452819824,
        10.813831329345703,
        10.176397323608398,
        10.936003684997559,
        11.987905502319336,
        11.144837379455566,
        11.7767972946167,
        11.782271385192871,
        10.99759292602539,
        12.531261444091797,
        11.346695899963379,
        12.171204566955566,
        12.115010261535645,
        12.16025161743164,
        11.83987045288086,
        11.44846248626709,
        11.811188697814941,
        11.806899070739746,
        12.31087875366211,
        12.047330856323242,
        11.974597930908203,
        12.239204406738281
    ],
    "val_r2": [
        0.8617926836013794,
        0.8840972781181335,
        0.8491353392601013,
        0.874807596206665,
        0.882282018661499,
        0.8801364302635193,
        0.8424312472343445,
        0.861438512802124,
        0.8464316725730896,
        0.8535772562026978,
        0.8714045882225037,
        0.8420048952102661,
        0.8490445613861084,
        0.8413445353507996,
        0.8481370210647583,
        0.8392266035079956,
        0.8496228456497192,
        0.8494573831558228,
        0.8526075482368469,
        0.8482943773269653,
        0.8369084596633911,
        0.8410168290138245,
        0.8447407484054565,
        0.8385546207427979
    ],
    "val_nasa_score": [
        339.8531799316406,
        324.1211242675781,
        410.31671142578125,
        393.25238037109375,
        354.1629943847656,
        311.05462646484375,
        589.5932006835938,
        420.6171875,
        744.2490844726562,
        384.0285339355469,
        314.6694641113281,
        583.2211303710938,
        564.9158325195312,
        418.20556640625,
        495.6683044433594,
        509.5710144042969,
        559.6965942382812,
        629.7096557617188,
        453.4806213378906,
        521.661376953125,
        585.168701171875,
        644.9737548828125,
        604.194091796875,
        878.550537109375
    ],
    "learning_rate": [
        0.0005,
        0.0005,
        0.0005,
        0.0005,
        0.0005,
        0.0005,
        0.0005,
        0.00025,
        0.00025,
        0.00025,
        0.00025,
        0.00025,
        0.00025,
        0.000125,
        0.000125,
        0.000125,
        0.000125,
        0.000125,
        0.000125,
        6.25e-05,
        6.25e-05,
        6.25e-05,
        6.25e-05,
        6.25e-05
    ]
}