{
  "feature_cols": [
    "setting_1",
    "setting_2",
    "sensor_2",
    "sensor_3",
    "sensor_4",
    "sensor_5",
    "sensor_6",
    "sensor_7",
    "sensor_8",
    "sensor_9",
    "sensor_11",
    "sensor_12",
    "sensor_13",
    "sensor_14",
    "sensor_15",
    "sensor_16",
    "sensor_17",
    "sensor_20",
    "sensor_21"
  ],
  "mean": {
    "setting_1": -6.974216532818072e-06,
    "setting_2": 1.9201739025421166e-06,
    "sensor_2": 642.6776058209045,
    "sensor_3": 1590.4890972767344,
    "sensor_4": 1408.879098484391,
    "sensor_5": 14.620000000000003,
    "sensor_6": 21.60981039792284,
    "sensor_7": 553.3730523519112,
    "sensor_8": 2388.0962586800315,
    "sensor_9": 9065.399182416522,
    "sensor_11": 47.53967091359218,
    "sensor_12": 521.4170762635106,
    "sensor_13": 2388.095863776342,
    "sensor_14": 8143.908227160196,
    "sensor_15": 8.442025336634261,
    "sensor_16": 0.030000000000000013,
    "sensor_17": 393.20536199504863,
    "sensor_20": 38.81792705754482,
    "sensor_21": 23.29047645069742
  },
  "std": {
    "setting_1": 0.002190657651651338,
    "setting_2": 0.00029264111943954436,
    "sensor_2": 0.49812430609598124,
    "sensor_3": 6.085408991750451,
    "sensor_4": 8.965615731070594,
    "sensor_5": 3.5528209451062515e-15,
    "sensor_6": 0.0013638856796677184,
    "sensor_7": 0.8777719242164719,
    "sensor_8": 0.07064710720847768,
    "sensor_9": 22.659801336332325,
    "sensor_11": 0.26573341069637957,
    "sensor_12": 0.7349901422602599,
    "sensor_13": 0.07170864488449401,
    "sensor_14": 19.58708217548289,
    "sensor_15": 0.03750810314122689,
    "sensor_16": 1.3878206816821295e-17,
    "sensor_17": 1.5463171896922256,
    "sensor_20": 0.17987242793505306,
    "sensor_21": 0.10740523201069516
  },
  "eps": 1e-08
}