{
  "train_loss": [
    0.03331283469918377,
    0.015437518653912118,
    0.009441860130188821,
    0.0071742918008879724,
    0.006193265900230773,
    0.005282020655579347,
    0.004877875767786836,
    0.004479839037801466,
    0.004042056898995606,
    0.003592675144753676,
    0.0031754230340504718,
    0.0029383526932959553,
    0.0026302211310485564,
    0.0024027249460438355,
    0.0021843307855969013,
    0.0021892642686254923,
    0.0021163658282566315,
    0.0019305935553460371,
    0.0010953449315161917,
    0.0011298778646919683,
    0.0010834483466063882,
    0.001049578937611416,
    0.000956763323156865,
    0.0009825593030535953,
    0.0009723188809590182,
    0.0009823828990513381,
    0.0008852385668443315,
    0.0008941479758248084,
    0.000915613730746178,
    0.000980177039084513,
    0.0008613968328179402,
    0.0009271443278927996,
    0.0009094193387162105,
    0.000836806661278017,
    0.0005816974038638774,
    0.0006000694403557985,
    0.0006339856892811346,
    0.0005693857792338367,
    0.0006574418983177016,
    0.0006558043802484732,
    0.0005777624231785118,
    0.0006474242964697204,
    0.0006032826799233118,
    0.0006461450363533486,
    0.0005767016531682648,
    0.000590410007351534,
    0.0006729807705898941,
    0.0005726781611799254,
    0.0005749401255085847,
    0.0006582711964354849,
    0.0004649680048502856,
    0.00048714702250081106,
    0.00047034776654234357,
    0.00046430141579577815
  ],
  "learning_rate": [
    0.001,
    0.001,
    0.001,
    0.001,
    0.001,
    0.001,
    0.001,
    0.001,
    0.001,
    0.001,
    0.001,
    0.001,
    0.001,
    0.001,
    0.001,
    0.001,
    0.001,
    0.0005,
    0.0005,
    0.0005,
    0.0005,
    0.0005,
    0.0005,
    0.0005,
    0.0005,
    0.0005,
    0.0005,
    0.0005,
    0.0005,
    0.0005,
    0.0005,
    0.0005,
    0.0005,
    0.00025,
    0.00025,
    0.00025,
    0.00025,
    0.00025,
    0.00025,
    0.00025,
    0.00025,
    0.00025,
    0.00025,
    0.00025,
    0.00025,
    0.00025,
    0.00025,
    0.00025,
    0.00025,
    0.000125,
    0.000125,
    0.000125,
    0.000125,
    0.000125
  ],
  "val_loss": [
    0.04871258860098665,
    0.04173711837198748,
    0.0526682097823372,
    0.05714585975937663,
    0.059237439081114424,
    0.06473116248945877,
    0.0693863271412318,
    0.06504911594848661,
    0.07403915991658297,
    0.1109840161241113,
    0.139906432154707,
    0.08926110534531485,
    0.10871366120518648,
    0.17333188266497188,
    0.15754112914580135,
    0.0683858805762266,
    0.16485072942062468,
    0.12236509981679859,
    0.13626634078421418,
    0.16679476826884929,
    0.17406397354178124,
    0.18079007844924763,
    0.14734526682052992,
    0.17687295056071167,
    0.1800912523852772,
    0.1889878349197639,
    0.20451024668549558,
    0.16883523883511167,
    0.07528965247357379,
    0.18478753199411857,
    0.1363209273582406,
    0.23789044672626336,
    0.13154142053528545,
    0.20810175429283234,
    0.1601419887517606,
    0.18676332164297815,
    0.21985008095427755,
    0.21346188585958217,
    0.17352170204525244,
    0.16750463115432704,
    0.20314400193713414,
    0.20924526526570178,
    0.21402381506407453,
    0.217788404217867,
    0.20290865530646118,
    0.22180237680252154,
    0.1249594904831823,
    0.20927392975718911,
    0.20924589021911386,
    0.18501733102356624,
    0.1819988466105857,
    0.21006707678165865,
    0.2112377172912262,
    0.21353562639955306
  ],
  "val_rmse": [
    0.2207271849759484,
    0.20431280384000286,
    0.2295143197932954,
    0.2390710841613624,
    0.2434069634408862,
    0.25444394911143364,
    0.2634343525618193,
    0.25506808683263327,
    0.2721233806351652,
    0.3331698250090518,
    0.37407112315603097,
    0.298790312225924,
    0.3297444976784282,
    0.4163652840050175,
    0.39694690503519825,
    0.26152827320371586,
    0.4060512570102768,
    0.3498355623950854,
    0.3691728365937234,
    0.4084384914990323,
    0.417243845845682,
    0.4252288980322276,
    0.3838871643638305,
    0.4205970304522619,
    0.42440629891441,
    0.43476285633669093,
    0.45226507145012057,
    0.41092926930934776,
    0.27441205332824864,
    0.4299043455021406,
    0.3692467955642018,
    0.48778003144697024,
    0.3627126817955663,
    0.45621879614636357,
    0.4002096744192524,
    0.4321965396346722,
    0.46891967563546183,
    0.46205487030615466,
    0.41659185413435407,
    0.4093031776556047,
    0.45074779842556295,
    0.4574647624354523,
    0.46265888449122683,
    0.46671307182625377,
    0.4504886920760866,
    0.47098183196050447,
    0.3534994912022459,
    0.45749367037287403,
    0.457465641915138,
    0.43015333413695706,
    0.42662117732649335,
    0.4583504865066395,
    0.45962363021766817,
    0.4621230735264009
  ],
  "val_mae": [
    0.16937872767448425,
    0.14653286337852478,
    0.17256776988506317,
    0.17883272469043732,
    0.18186801671981812,
    0.19511863589286804,
    0.19152459502220154,
    0.18078772723674774,
    0.19723087549209595,
    0.2476416677236557,
    0.27173179388046265,
    0.20073974132537842,
    0.2371244728565216,
    0.30151593685150146,
    0.28203392028808594,
    0.20342695713043213,
    0.2881799042224884,
    0.25082871317863464,
    0.25500980019569397,
    0.2935439348220825,
    0.3062977194786072,
    0.30535975098609924,
    0.26838552951812744,
    0.29611483216285706,
    0.30066072940826416,
    0.314958393573761,
    0.3316003680229187,
    0.2845247983932495,
    0.21153375506401062,
    0.30699750781059265,
    0.25743430852890015,
    0.3677269518375397,
    0.2528176009654999,
    0.33248651027679443,
    0.2846836447715759,
    0.30804622173309326,
    0.34554168581962585,
    0.3359805941581726,
    0.2940433919429779,
    0.2896727919578552,
    0.326138973236084,
    0.3397625982761383,
    0.34782901406288147,
    0.3499823212623596,
    0.3284228444099426,
    0.350291907787323,
    0.2443312257528305,
    0.3345814645290375,
    0.3341292142868042,
    0.3096660077571869,
    0.30511343479156494,
    0.3336321711540222,
    0.33781898021698,
    0.3385384976863861
  ],
  "val_r2": [
    0.41187870502471924,
    0.4960976243019104,
    0.3641205430030823,
    0.31006312370300293,
    0.28481030464172363,
    0.2184811234474182,
    0.1622776985168457,
    0.21464228630065918,
    0.10610407590866089,
    -0.3399437665939331,
    -0.6891320943832397,
    -0.07767617702484131,
    -0.3125333786010742,
    -1.0926868915557861,
    -0.902042031288147,
    0.17435652017593384,
    -0.9902927875518799,
    -0.4773491621017456,
    -0.6451848745346069,
    -1.0137639045715332,
    -1.1015276908874512,
    -1.1827337741851807,
    -0.7789446115493774,
    -1.1354413032531738,
    -1.1742970943450928,
    -1.2817082405090332,
    -1.4691150188446045,
    -1.0383999347686768,
    0.09100472927093506,
    -1.2309966087341309,
    -0.6458442211151123,
    -1.872124433517456,
    -0.5881105661392212,
    -1.5124740600585938,
    -0.9334386587142944,
    -1.2548508644104004,
    -1.654313087463379,
    -1.5771658420562744,
    -1.0949649810791016,
    -1.0222995281219482,
    -1.4525761604309082,
    -1.5262162685394287,
    -1.5839080810546875,
    -1.6293909549713135,
    -1.4497570991516113,
    -1.6777100563049316,
    -0.5084565877914429,
    -1.5265357494354248,
    -1.5262260437011719,
    -1.23358154296875,
    -1.1970505714416504,
    -1.5360081195831299,
    -1.5501160621643066,
    -1.5779266357421875
  ]
}