{
  "train_loss": [
    0.042005495988505274,
    0.036855703763310696,
    0.03026616529852738,
    0.019418518931789388,
    0.01537084216057542,
    0.013827081685908283,
    0.013010628928721965,
    0.012388241984615796,
    0.012081864324955054,
    0.01179884820413817,
    0.011482282107819557,
    0.0113330431090664,
    0.01096181738500901,
    0.011088521385856559,
    0.010911240714845019,
    0.010837180174490613,
    0.010663867433516752,
    0.010285320999205785,
    0.010168240624630991,
    0.010113174498262458,
    0.008701801820463078,
    0.008596499609474494,
    0.008471172985184058,
    0.008356830311730982,
    0.008352728748727485,
    0.008221608720592768,
    0.008167098613136881,
    0.008018504470552872,
    0.007855919681148604,
    0.007861391533903065,
    0.007791844592823373,
    0.00773263836833281,
    0.007610509047418197,
    0.0074789369356728945,
    0.007280995271664948,
    0.007058853211484666,
    0.006281388572231128,
    0.0061203226021186545,
    0.006040969045413048,
    0.005832972372720849,
    0.005794751888167495,
    0.005707672565035892,
    0.005563767636174472,
    0.005538613391879557,
    0.005362853326727937,
    0.0051993560884458535,
    0.0050660064700370246,
    0.005011279552528274,
    0.004889948700980159,
    0.004705228447164909,
    0.004840288532812454,
    0.004729252079726598,
    0.004322227568088775,
    0.004254260889039676
  ],
  "learning_rate": [
    0.0005,
    0.0005,
    0.0005,
    0.0005,
    0.0005,
    0.0005,
    0.0005,
    0.0005,
    0.0005,
    0.0005,
    0.0005,
    0.0005,
    0.0005,
    0.0005,
    0.0005,
    0.0005,
    0.0005,
    0.0005,
    0.0005,
    0.00025,
    0.00025,
    0.00025,
    0.00025,
    0.00025,
    0.00025,
    0.00025,
    0.00025,
    0.00025,
    0.00025,
    0.00025,
    0.00025,
    0.00025,
    0.00025,
    0.00025,
    0.00025,
    0.000125,
    0.000125,
    0.000125,
    0.000125,
    0.000125,
    0.000125,
    0.000125,
    0.000125,
    0.000125,
    0.000125,
    0.000125,
    0.000125,
    0.000125,
    0.000125,
    0.000125,
    0.000125,
    6.25e-05,
    6.25e-05,
    6.25e-05
  ],
  "val_loss": [
    0.10036614328820924,
    0.11743927521313594,
    0.10354349928127274,
    0.04635440666701865,
    0.12693312569787799,
    0.07399801068743769,
    0.0634906612853912,
    0.056645050990522465,
    0.14577161342530418,
    0.0897914476525554,
    0.09841702253923418,
    0.1569784265190167,
    0.11864792507308632,
    0.12554571709474122,
    0.09183806875959792,
    0.12900400291802147,
    0.17118736747083918,
    0.08096560459229991,
    0.24934915111097555,
    0.22641963945151314,
    0.1703445868930835,
    0.2045293719320253,
    0.17852543920097236,
    0.23188909693192802,
    0.2223954870807577,
    0.24265608391840474,
    0.20286411785373692,
    0.17163997635621395,
    0.11545539861320551,
    0.17119666549005208,
    0.19330914059464313,
    0.19731005497874393,
    0.20007908116970857,
    0.16924857991044595,
    0.13736473090781318,
    0.12814821599566992,
    0.10510907615826713,
    0.12674183933780037,
    0.08458903492009455,
    0.1436486047627754,
    0.1874495362475202,
    0.16274956838084592,
    0.12301848092291344,
    0.14029044230366539,
    0.1476084020211581,
    0.1159392185410075,
    0.12035148172044688,
    0.13696230779838584,
    0.07497589026636838,
    0.17096922944437576,
    0.14708790174267528,
    0.09259201450031113,
    0.11948135433688596,
    0.10987151202277966
  ],
  "val_rmse": [
    0.31683186762315374,
    0.342721081943949,
    0.32180806825141894,
    0.21531832904427392,
    0.35630565677020587,
    0.2720477070834301,
    0.2519941518337719,
    0.23802139621615195,
    0.3818312544669666,
    0.29967671250627087,
    0.3137404736178268,
    0.39623741388639194,
    0.34448097277362866,
    0.3543531917744236,
    0.30307269726631825,
    0.3592004766873126,
    0.41378179067889387,
    0.2845678136921379,
    0.49938954400187585,
    0.47587462324864527,
    0.4127617684551771,
    0.4522861575818022,
    0.42255722620482467,
    0.4815878976143648,
    0.47162675264337695,
    0.49264163304406394,
    0.4504412064350192,
    0.4143284357527731,
    0.3398149631629175,
    0.41379299029792,
    0.43970528044059976,
    0.444232283019441,
    0.447338581381787,
    0.41143193542528145,
    0.3706577550620956,
    0.35800719149255245,
    0.3242318024363443,
    0.35603729305999937,
    0.290865725115718,
    0.3790409989010228,
    0.43298981680359666,
    0.4034552360022345,
    0.35076837919619475,
    0.37458426557445396,
    0.38422981947458157,
    0.3405262572104621,
    0.34694546464942777,
    0.37011440950423075,
    0.2738396412254853,
    0.41351798980284626,
    0.3835517401911754,
    0.304314213504852,
    0.34568900817669,
    0.33149580697317754
  ],
  "val_mae": [
    0.26425591111183167,
    0.28152215480804443,
    0.2650696933269501,
    0.1531907320022583,
    0.2619813084602356,
    0.19623976945877075,
    0.1811746209859848,
    0.17341803014278412,
    0.28172627091407776,
    0.21434853971004486,
    0.22899170219898224,
    0.29150503873825073,
    0.24701885879039764,
    0.2599254548549652,
    0.21460925042629242,
    0.2594555914402008,
    0.3213118314743042,
    0.21428678929805756,
    0.39282500743865967,
    0.3755737245082855,
    0.3093346953392029,
    0.34605318307876587,
    0.3230847418308258,
    0.37467899918556213,
    0.36353418231010437,
    0.38565075397491455,
    0.34711334109306335,
    0.31097280979156494,
    0.2483040690422058,
    0.31116461753845215,
    0.3451462686061859,
    0.3419765830039978,
    0.3496495485305786,
    0.31474569439888,
    0.2740994095802307,
    0.2708941400051117,
    0.24096167087554932,
    0.2706162929534912,
    0.21821492910385132,
    0.29093867540359497,
    0.33909285068511963,
    0.31831568479537964,
    0.2691921591758728,
    0.28846848011016846,
    0.3042932450771332,
    0.2642035186290741,
    0.27213433384895325,
    0.2925974130630493,
    0.21326647698879242,
    0.324198842048645,
    0.306355744600296,
    0.22925417125225067,
    0.2685282528400421,
    0.2574293315410614
  ],
  "val_r2": [
    -0.21174979209899902,
    -0.4178715944290161,
    -0.25011253356933594,
    0.4403490424156189,
    -0.5325006246566772,
    0.10660111904144287,
    0.23345768451690674,
    0.31610846519470215,
    -0.7599412202835083,
    -0.08407974243164062,
    -0.1882185935974121,
    -0.8952486515045166,
    -0.4324706792831421,
    -0.5157513618469238,
    -0.10878884792327881,
    -0.5575035810470581,
    -1.0667977333068848,
    0.022477447986602783,
    -2.0104687213897705,
    -1.7336337566375732,
    -1.0566205978393555,
    -1.4693453311920166,
    -1.1553921699523926,
    -1.7996668815612793,
    -1.6850481033325195,
    -1.929661750793457,
    -1.4492406845092773,
    -1.0722622871398926,
    -0.3939276933670044,
    -1.0669095516204834,
    -1.3338804244995117,
    -1.3821849822998047,
    -1.4156162738800049,
    -1.0433897972106934,
    -0.6584464311599731,
    -0.5471724271774292,
    -0.2690141201019287,
    -0.5301930904388428,
    -0.02126944065093994,
    -0.7343134880065918,
    -1.2631356716156006,
    -0.9649248123168945,
    -0.4852381944656372,
    -0.6937694549560547,
    -0.7821216583251953,
    -0.3997691869735718,
    -0.45304036140441895,
    -0.6535876989364624,
    0.09479302167892456,
    -1.0641632080078125,
    -0.7758373022079468,
    -0.11789166927337646,
    -0.4425351619720459,
    -0.32651233673095703
  ]
}